Type,Name,Request Count,Failure Count,Median Response Time,Average Response Time,Min Response Time,Max Response Time,Average Content Size,Requests/s,Failures/s,50%,66%,75%,80%,90%,95%,98%,99%,99.9%,99.99%,100%
POST,/predict,52,0,8800.0,9096.106686865367,7844.892754000284,12767.954622000616,385.0,0.8807000193556798,0.0,8800,9000,9300,9400,11000,12000,12000,13000,13000,13000,13000
,Aggregated,52,0,8800.0,9096.106686865367,7844.892754000284,12767.954622000616,385.0,0.8807000193556798,0.0,8800,9000,9300,9400,11000,12000,12000,13000,13000,13000,13000
